angle_deg,thickness_nm,r,g,b
0,0,0.027781,0.027781,0.027781
0,10,0.034721,0.037223,0.042085
0,20,0.053999,0.062762,0.078758
0,30,0.081678,0.097558,0.123772
0,40,0.112948,0.133808,0.163485
0,50,0.143043,0.164794,0.188676
0,60,0.168243,0.186043,0.194840
0,70,0.186049,0.195050,0.181018
0,80,0.194999,0.190811,0.149453
0,90,0.194480,0.173580,0.106226
0,100,0.184543,0.144984,0.062173
0,110,0.165711,0.108660,0.031503
0,120,0.138803,0.070961,0.026051
0,130,0.105749,0.040546,0.048344
0,140,0.070583,0.025621,0.089895
0,150,0.039760,0.030425,0.136419
0,160,0.020324,0.053342,0.174728
0,170,0.016993,0.088010,0.196368
0,180,0.030267,0.126277,0.197677
0,190,0.056747,0.160735,0.178808
0,200,0.091043,0.185905,0.143508
0,210,0.127756,0.198176,0.099463
0,220,0.162482,0.195624,0.058102
0,230,0.191647,0.178156,0.031876
0,240,0.211795,0.148116,0.029292
0,250,0.219362,0.110720,0.050855
0,260,0.211382,0.073467,0.089075
0,270,0.186859,0.044450,0.132188
0,280,0.148181,0.030186,0.168652
0,290,0.101395,0.033710,0.190026
0,300,0.055185,0.053826,0.192063
0,310,0.018779,0.085642,0.174780
0,320,0.000000,0.121921,0.142821
0,330,0.000074,0.155192,0.104446
0,340,0.020553,0.179168,0.070045
0,350,0.056487,0.189870,0.049084
0,360,0.101288,0.186055,0.046809
0,370,0.147353,0.169204,0.062642
0,380,0.187320,0.143029,0.090922
0,390,0.215050,0.112721,0.123253
0,400,0.226305,0.084044,0.151119
45,0,0.036578,0.036578,0.036578
45,10,0.043213,0.045593,0.050213
45,20,0.061256,0.069487,0.084499
45,30,0.087184,0.102080,0.126775
45,40,0.116523,0.136280,0.165106
45,50,0.145124,0.166435,0.192165
45,60,0.169938,0.189097,0.204511
45,70,0.189062,0.202335,0.200684
45,80,0.201354,0.205106,0.180991
45,90,0.206092,0.197032,0.147595
45,100,0.202861,0.178256,0.105685
45,110,0.192208,0.150347,0.065101
45,120,0.174467,0.115927,0.038352
45,130,0.149824,0.080126,0.035610
45,140,0.119004,0.050553,0.058363
45,150,0.084960,0.034937,0.098178
45,160,0.053465,0.037540,0.142304
45,170,0.031431,0.057292,0.179701
45,180,0.024196,0.088833,0.203494
45,190,0.033244,0.124840,0.210217
45,200,0.055426,0.158647,0.199977
45,210,0.085791,0.185696,0.174444
45,220,0.119351,0.203138,0.137536
45,230,0.152230,0.209237,0.096025
45,240,0.181959,0.202969,0.059795
45,250,0.206503,0.184398,0.039149
45,260,0.223547,0.155447,0.040426
45,270,0.230049,0.120256,0.063138
45,280,0.223145,0.085215,0.099948
45,290,0.201862,0.057141,0.140336
45,300,0.167479,0.041628,0.175008
45,310,0.124368,0.041693,0.197365
45,320,0.079446,0.056992,0.203910
45,330,0.040682,0.084012,0.193961
45,340,0.014959,0.117255,0.169600
45,350,0.006516,0.150582,0.135789
45,360,0.016519,0.178195,0.100143
45,370,0.042612,0.195750,0.071636
45,380,0.079857,0.201200,0.057081
45,390,0.122457,0.194460,0.059336
45,400,0.164411,0.177208,0.076677
70,0,0.150257,0.150257,0.150257
70,10,0.158000,0.160635,0.165698
70,20,0.177285,0.185817,0.200831
70,30,0.203339,0.217348,0.238937
70,40,0.230249,0.246684,0.268621
70,50,0.253735,0.269372,0.287474
70,60,0.271844,0.284969,0.297152
70,70,0.284880,0.294740,0.298679
70,80,0.293846,0.299259,0.291948
70,90,0.298730,0.298065,0.276323
70,100,0.299271,0.291249,0.250797
70,110,0.296018,0.278890,0.215597
70,120,0.289960,0.259172,0.177286
70,130,0.280611,0.230869,0.150995
70,140,0.264990,0.197113,0.151519
70,150,0.240456,0.166624,0.177959
70,160,0.207229,0.149745,0.217777
70,170,0.172230,0.152279,0.255972
70,180,0.146395,0.173112,0.283583
70,190,0.137693,0.203611,0.299093
70,200,0.147557,0.235014,0.304371
70,210,0.170722,0.261760,0.300648
70,220,0.199792,0.281776,0.287779
70,230,0.228115,0.295034,0.265797
70,240,0.252264,0.302365,0.235509
70,250,0.272137,0.303744,0.200650
70,260,0.289088,0.297769,0.170474
70,270,0.303655,0.282984,0.156393
70,280,0.315535,0.260269,0.162875
70,290,0.322664,0.231626,0.186984
70,300,0.321456,0.201577,0.220243
70,310,0.307935,0.176400,0.253439
70,320,0.281907,0.161455,0.279892
70,330,0.245401,0.159939,0.296629
70,340,0.204265,0.171944,0.302858
70,350,0.166604,0.194779,0.297801
70,360,0.140134,0.223021,0.282290
70,370,0.129134,0.251234,0.258158
70,380,0.134346,0.275317,0.228951
70,390,0.153620,0.292226,0.200903
70,400,0.182747,0.300091,0.181590
