budget,kind,albedo,ior,height,thickness,camera,tint,value,r,g,b
reference,sheet,1,1.4,5,0,60,1 1 1,0.9506,0.9506,0.9506,0.9506
reference,sheet,0.8,1.4,5,0,60,1 1 1,0.6662,0.6662,0.6662,0.6662
reference,sheet,0.5,1.4,5,0,60,1 1 1,0.3547,0.3547,0.3547,0.3547
reference,sheet,0.2,1.4,5,0,60,1 1 1,0.1384,0.1384,0.1384,0.1384
reference,sheet,1,1.33,5,0,60,1 1 1,0.9686,0.9686,0.9686,0.9686
reference,sheet,0.5,1.33,5,0,60,1 1 1,0.3724,0.3724,0.3724,0.3724
reference,sheet,1,1.5,5,0,60,1 1 1,0.9200,0.9200,0.9200,0.9200
reference,sheet,0.5,1.5,5,0,60,1 1 1,0.3334,0.3334,0.3334,0.3334
reference,sheet,1,1.8,5,0,60,1 1 1,0.8122,0.8122,0.8122,0.8122
reference,sheet,0.5,1.8,5,0,60,1 1 1,0.2972,0.2972,0.2972,0.2972
reference,sheet,0.8,1.4,1,0,60,1 1 1,0.6406,0.6406,0.6406,0.6406
reference,sheet,0.8,1.4,20,0,60,1 1 1,0.7699,0.7699,0.7699,0.7699
reference,slab,0.8,1.4,5,1,60,1 1 1,0.7875,0.7875,0.7875,0.7875
reference,slab,0.5,1.5,5,1,60,1 1 1,0.5049,0.5049,0.5049,0.5049
reference,sheet,0.8,1.4,5,0,2.5,1 1 1,0.6603,0.6603,0.6603,0.6603
"reference, diffuse 64",sheet,1,1.8,5,0,60,1 1 1,0.9662,0.9662,0.9662,0.9662
"reference, glossy 64",sheet,1,1.8,5,0,60,1 1 1,0.8115,0.8115,0.8115,0.8115
"reference, transmission 64",sheet,1,1.8,5,0,60,1 1 1,0.8133,0.8133,0.8133,0.8133
"reference, bounces 64",sheet,1,1.8,5,0,60,1 1 1,0.8124,0.8124,0.8124,0.8124
"reference, diffuse 2",sheet,1,1.8,5,0,60,1 1 1,0.5702,0.5702,0.5702,0.5702
"reference, glossy 2",sheet,1,1.8,5,0,60,1 1 1,0.7031,0.7031,0.7031,0.7031
"reference, total 6",sheet,1,1.8,5,0,60,1 1 1,0.7024,0.7024,0.7024,0.7024
"blender defaults, filter glossy 1",sheet,1,1.4,5,0,60,1 1 1,0.6561,0.6561,0.6561,0.6561
"blender defaults, filter glossy 1",sheet,0.5,1.4,5,0,60,1 1 1,0.2983,0.2983,0.2983,0.2983
deep,sheet,1,1.4,5,0,60,1 1 1,0.9990,0.9990,0.9990,0.9990
deep,sheet,0.5,1.4,5,0,60,1 1 1,0.3581,0.3581,0.3581,0.3581
deep,slab,0.8,1.4,5,1,60,1 1 1,0.7935,0.7935,0.7935,0.7935
deep,sheet,0.8,1.4,5,0,2.5,1 1 1,0.6724,0.6724,0.6724,0.6724
reference,sphere,0.8,1.5,1.5,1,60,1 1 1,0.8081,0.8081,0.8081,0.8081
deep,sphere,0.8,1.5,1.5,1,60,1 1 1,0.8088,0.8088,0.8088,0.8088
reference,sphere,0.8,1.33,1.5,1,60,0.9 0.92 1,0.7387,0.6962,0.7170,0.8029
reference,slab,0.8,1.33,1,2,60,0.9 0.92 1,0.6958,0.6379,0.6657,0.7837
deep,slab,0.8,1.33,1,2,60,0.9 0.92 1,0.6985,0.6390,0.6673,0.7892
reference,slab,0.5,1.33,1,2,60,0.9 0.92 1,0.4360,0.4008,0.4178,0.4893
