360,0.000000,0.000000,0.000000
365,0.000000,0.000000,0.000000
370,0.000000,0.000000,0.000000
375,0.000000,0.000000,0.000000
380,0.000514,0.000000,0.002757
385,0.000691,0.000000,0.004445
390,0.001364,0.000000,0.008515
395,0.002490,0.000000,0.015335
400,0.004712,0.000000,0.028763
405,0.007667,0.000000,0.046685
410,0.014177,0.000000,0.087854
415,0.024993,0.000000,0.157270
420,0.042672,0.000000,0.273429
425,0.066202,0.000000,0.439984
430,0.083890,0.000000,0.586495
435,0.091105,0.000000,0.686632
440,0.088233,0.000000,0.738619
445,0.076803,0.000000,0.752954
450,0.058573,0.000000,0.747623
455,0.035506,0.000000,0.734683
460,0.007123,0.000000,0.701680
465,0.000000,0.000000,0.640497
470,0.000000,0.013821,0.537010
475,0.000000,0.046349,0.431030
480,0.000000,0.080113,0.331858
485,0.000000,0.113885,0.246031
490,0.000000,0.150205,0.178990
495,0.000000,0.192682,0.127578
500,0.000000,0.243052,0.088049
505,0.000000,0.305785,0.056131
510,0.000000,0.373481,0.025845
515,0.000000,0.443413,0.000000
520,0.000000,0.505489,0.000000
525,0.000000,0.549273,0.000000
530,0.000000,0.578741,0.000000
535,0.000000,0.594763,0.000000
540,0.000000,0.598828,0.000000
545,0.000000,0.591639,0.000000
550,0.000000,0.574158,0.000000
555,0.047410,0.547561,0.000000
560,0.156792,0.512117,0.000000
565,0.274938,0.467619,0.000000
570,0.398931,0.415614,0.000000
575,0.524721,0.357440,0.000000
580,0.647352,0.295256,0.000000
585,0.760297,0.231313,0.000000
590,0.857881,0.168817,0.000000
595,0.934883,0.110893,0.000000
600,0.980980,0.061206,0.000000
605,0.998837,0.019794,0.000000
610,0.982517,0.000000,0.000000
615,0.937672,0.000000,0.000000
620,0.866366,0.000000,0.000000
625,0.770522,0.000000,0.000000
630,0.664521,0.000000,0.000000
635,0.564551,0.000000,0.000000
640,0.469281,0.000000,0.000000
645,0.379713,0.000000,0.000000
650,0.299331,0.000000,0.000000
655,0.231488,0.000000,0.000000
660,0.174863,0.000000,0.000000
665,0.128666,0.000000,0.000000
670,0.092883,0.000000,0.000000
675,0.067642,0.000000,0.000000
680,0.049818,0.000000,0.000000
685,0.035053,0.000000,0.000000
690,0.024192,0.000000,0.000000
695,0.016843,0.000000,0.000000
700,0.012160,0.000000,0.000000
705,0.008648,0.000000,0.000000
710,0.006178,0.000000,0.000000
715,0.004358,0.000000,0.000000
720,0.003120,0.000000,0.000000
725,0.002145,0.000000,0.000000
730,0.001496,0.000000,0.000000
735,0.001042,0.000000,0.000000
740,0.000778,0.000000,0.000000
745,0.000521,0.000000,0.000000
750,0.000325,0.000000,0.000000
755,0.000196,0.000000,0.000000
760,0.000196,0.000000,0.000000
765,0.000129,0.000000,0.000002
770,0.000129,0.000000,0.000002
775,0.000129,0.000000,0.000002
780,0.000000,0.000000,0.000000
785,0.000000,0.000000,0.000000
790,0.000000,0.000000,0.000000
795,0.000000,0.000000,0.000000
800,0.000000,0.000000,0.000000
805,0.000000,0.000000,0.000000
810,0.000000,0.000000,0.000000
815,0.000000,0.000000,0.000000
820,0.000000,0.000000,0.000000
825,0.000000,0.000000,0.000000
830,0.000000,0.000000,0.000000
