region,pixels,r,g,b
part floor,299217,7.9207e-3,6.2071e-3,5.2792e-3
part ceiling,40347,3.7759e-2,4.2495e-2,4.9717e-2
part back wall,266648,1.7992e-2,1.9994e-2,2.2750e-2
part window wall below,35539,8.6367e-3,8.4568e-3,8.4590e-3
part window wall above,30251,1.9922e-2,2.0768e-2,2.1957e-2
part window wall back,17614,2.5121e-2,2.8296e-2,3.2706e-2
part window wall front,78850,1.0689e-2,1.0771e-2,1.0974e-2
part sill,947,8.6397e-3,9.1304e-3,1.0089e-2
part slat 2,296,2.4630e-1,3.3067e-1,4.7156e-1
part slat 3,447,2.2250e-1,2.5388e-1,3.1201e-1
part slat 4,577,2.4094e-1,3.2297e-1,4.6095e-1
part slat 5,670,2.0382e-1,2.2510e-1,2.6834e-1
part slat 6,764,2.4247e-1,3.2456e-1,4.6345e-1
part slat 7,860,1.8707e-1,2.0056e-1,2.3208e-1
part slat 8,962,2.2761e-1,3.1479e-1,4.5823e-1
part slat 9,1065,1.2411e-1,1.4816e-1,1.8245e-1
part table top,40128,1.9090e-2,1.4597e-2,1.0992e-2
part table leg 0,294,6.3242e-3,4.7925e-3,4.0527e-3
part table leg 1,1077,2.8405e-3,2.5164e-3,2.4668e-3
part table leg 2,917,5.2134e-3,4.2169e-3,3.7748e-3
part table leg 3,3803,3.9142e-3,3.4617e-3,3.3780e-3
part shelf 0,1171,1.0547e-2,8.5245e-3,6.9229e-3
part shelf 1,445,2.7483e-3,2.7211e-3,2.9002e-3
part shelf 2,3713,1.0925e-2,9.6326e-3,8.7014e-3
part shelf 0 pages 0,543,1.7812e-2,1.8615e-2,1.9366e-2
part shelf 0 plain 3,301,9.7797e-3,9.9325e-3,1.0526e-2
part shelf 0 anodised 6,224,7.7908e-3,8.7202e-3,4.6967e-2
part shelf 0 cover 7,304,3.5638e-3,5.6272e-3,4.3217e-3
part shelf 0 slate 8,456,4.4816e-3,4.6201e-3,4.7508e-3
part shelf 0 pages 10,573,2.2214e-2,2.1064e-2,1.9350e-2
part shelf 0 felt 12,438,3.6345e-3,5.4105e-3,7.9925e-3
part shelf 1 pages 1,559,1.6744e-2,1.7907e-2,1.8987e-2
part shelf 1 plain 4,305,7.6666e-3,8.0270e-3,8.7505e-3
part shelf 1 anodised 7,241,7.9042e-3,7.0653e-3,5.1177e-2
part shelf 1 cover 8,291,4.0868e-3,6.3242e-3,4.6961e-3
part shelf 1 slate 9,397,4.1793e-3,4.2734e-3,4.3661e-3
part shelf 1 pages 11,335,1.8656e-2,1.8713e-2,1.8450e-2
part shelf 1 brass 12,343,9.4569e-3,7.2291e-3,3.9010e-3
part shelf 2 pages 2,559,1.7713e-2,1.8880e-2,1.9885e-2
part shelf 2 plain 5,279,6.6779e-3,6.8881e-3,7.4494e-3
part shelf 2 anodised 8,256,1.9991e-3,2.1971e-3,1.2097e-2
part shelf 2 cover 9,433,3.1675e-3,5.0220e-3,3.8823e-3
part shelf 2 slate 10,345,3.4269e-3,3.4753e-3,3.5260e-3
part board,1897,1.6049e-2,1.0855e-2,7.3912e-3
part chrome sphere,642,2.5465e-2,2.8937e-2,3.4810e-2
part brass sphere,688,1.9560e-2,1.5695e-2,9.4790e-3
part lacquer sphere,734,1.2847e-2,3.3160e-3,3.3416e-3
part felt mat,1814,4.6581e-3,6.7033e-3,9.4530e-3
part lamp,1199,3.2430e0,2.7350e0,2.0253e0
part crumpled,234,5.8795e-2,4.9937e-2,3.8985e-2
part sheet new,1168,2.3136e-2,2.6777e-2,3.0811e-2
part sheet aged,1621,1.8615e-2,2.0369e-2,2.2463e-2
part screen,8609,1.3721e-2,1.8808e-2,2.6974e-2
part decal box,1516,1.5416e-2,1.5396e-2,1.5289e-2
part card 0,250,2.2307e-2,2.5614e-2,3.0066e-2
part card 1,262,2.1640e-2,2.4646e-2,2.8653e-2
part card 2,280,2.0955e-2,2.3407e-2,2.6732e-2
part card 3,301,1.9772e-2,2.1666e-2,2.4235e-2
part card 4,318,1.9530e-2,2.1155e-2,2.3393e-2
part card 5,339,1.9092e-2,2.0436e-2,2.2202e-2
part card 6,361,1.8989e-2,2.0217e-2,2.1839e-2
part card 7,387,1.8229e-2,1.9281e-2,2.0653e-2
part card 8,250,2.1366e-2,2.4461e-2,2.8590e-2
part card 9,258,1.8650e-2,2.0517e-2,2.2936e-2
part card 10,281,1.8580e-2,2.0225e-2,2.2377e-2
part card 11,297,1.8972e-2,2.0499e-2,2.2560e-2
part card 12,315,1.8869e-2,2.0294e-2,2.2221e-2
part card 13,335,1.9835e-2,2.1021e-2,2.2690e-2
part card 14,358,1.8259e-2,1.9320e-2,2.0704e-2
part card 15,380,1.8010e-2,1.9028e-2,2.0275e-2
part card 16,247,1.4581e-2,1.5308e-2,1.6057e-2
part card 17,248,1.4189e-2,1.4472e-2,1.4710e-2
part card 18,277,1.6263e-2,1.7320e-2,1.8647e-2
part card 19,293,1.7965e-2,1.9429e-2,2.1346e-2
part card 20,312,1.7995e-2,1.9224e-2,2.0971e-2
part card 21,330,1.8199e-2,1.9227e-2,2.0663e-2
part card 22,354,1.7484e-2,1.8364e-2,1.9545e-2
part card 23,365,1.4795e-2,1.5922e-2,1.7339e-2
part clear sheet,4590,2.1536e-2,2.3557e-2,2.6951e-2
part tinted slab,1294,9.8767e-3,1.6796e-2,1.2596e-2
part tank,643,9.9062e-3,9.6150e-3,9.6615e-3
part lens,360,2.1590e-2,2.0969e-2,2.2103e-2
part milky slab,1364,1.3938e-2,1.0926e-2,8.5213e-3
part soap film,1066,1.4905e-2,1.3939e-2,1.4210e-2
part film slab,1696,1.1223e-2,9.8792e-3,8.1000e-3
cell 0 0,6400,1.2240e-2,1.2460e-2,1.2827e-2
cell 1 0,6400,1.4729e-2,1.4881e-2,1.5202e-2
cell 2 0,6400,1.9423e-2,1.9472e-2,1.9846e-2
cell 3 0,6400,3.3743e-2,3.4529e-2,3.6600e-2
cell 4 0,6400,4.7839e-2,5.1213e-2,5.7273e-2
cell 5 0,6400,5.1217e-2,5.7516e-2,6.7435e-2
cell 6 0,6400,4.1926e-2,4.9413e-2,6.0240e-2
cell 7 0,6400,3.3439e-2,3.9937e-2,4.8983e-2
cell 8 0,6400,2.7029e-2,3.2034e-2,3.8822e-2
cell 9 0,6400,2.2104e-2,2.5785e-2,3.0671e-2
cell 10 0,6400,1.8673e-2,2.1249e-2,2.4628e-2
cell 11 0,6400,1.6737e-2,1.8558e-2,2.0921e-2
cell 12 0,6400,1.5613e-2,1.6811e-2,1.8363e-2
cell 13 0,6400,1.4910e-2,1.5700e-2,1.6696e-2
cell 14 0,6400,1.3470e-2,1.3909e-2,1.4429e-2
cell 15 0,6400,1.2916e-2,1.3089e-2,1.3248e-2
cell 0 1,6400,1.2617e-2,1.2960e-2,1.3466e-2
cell 1 1,6400,1.0336e-1,1.3860e-1,1.9112e-1
cell 2 1,6400,1.3416e-1,1.7975e-1,2.4751e-1
cell 3 1,6400,7.1350e-2,9.1230e-2,1.2052e-1
cell 4 1,6400,2.9440e-2,3.3651e-2,3.9628e-2
cell 5 1,6400,1.5502e-2,1.6066e-2,1.6835e-2
cell 6 1,6400,3.1443e-2,3.6124e-2,4.2568e-2
cell 7 1,6400,3.4896e-2,4.2110e-2,5.1551e-2
cell 8 1,6400,2.8713e-2,3.4575e-2,4.2128e-2
cell 9 1,6400,2.2787e-2,2.7067e-2,3.2460e-2
cell 10 1,6400,1.8120e-2,2.0785e-2,2.4032e-2
cell 11 1,6400,1.5280e-2,1.6554e-2,1.8163e-2
cell 12 1,6400,1.4786e-2,1.5461e-2,1.6725e-2
cell 13 1,6400,1.2813e-2,1.3410e-2,1.4882e-2
cell 14 1,6400,8.9504e-3,9.2426e-3,9.1942e-3
cell 15 1,6400,9.2998e-3,8.7766e-3,8.0990e-3
cell 0 2,6400,1.1956e-2,1.2220e-2,1.2624e-2
cell 1 2,6400,1.8869e-1,2.5855e-1,3.6495e-1
cell 2 2,6400,4.0371e-1,5.5865e-1,7.9436e-1
cell 3 2,6400,4.0013e-1,5.5327e-1,7.8583e-1
cell 4 2,6400,3.4777e-1,4.7688e-1,6.7194e-1
cell 5 2,6400,2.2907e-2,2.5561e-2,2.9084e-2
cell 6 2,6400,4.3580e-2,5.2987e-2,6.5623e-2
cell 7 2,6400,3.9821e-2,4.8938e-2,6.0998e-2
cell 8 2,6400,2.9909e-2,3.6049e-2,4.4114e-2
cell 9 2,6400,1.9200e-2,2.1993e-2,2.5404e-2
cell 10 2,6400,1.3760e-2,1.4727e-2,1.6041e-2
cell 11 2,6400,1.3333e-2,1.3998e-2,1.5156e-2
cell 12 2,6400,1.2820e-2,1.3068e-2,1.4444e-2
cell 13 2,6400,1.1884e-2,1.1790e-2,1.1643e-2
cell 14 2,6400,1.2284e-2,1.1674e-2,1.1002e-2
cell 15 2,6400,1.1783e-2,1.1061e-2,1.0210e-2
cell 0 3,6400,1.1100e-2,1.1259e-2,1.1527e-2
cell 1 3,6400,1.5767e-1,2.1466e-1,3.0101e-1
cell 2 3,6400,4.1830e-1,5.7717e-1,8.1774e-1
cell 3 3,6400,4.2496e-1,5.8724e-1,8.3271e-1
cell 4 3,6400,4.0266e-1,5.5379e-1,7.8228e-1
cell 5 3,6400,2.4191e-2,2.6910e-2,3.0960e-2
cell 6 3,6400,1.7409e-2,2.3131e-2,3.2004e-2
cell 7 3,6400,2.9741e-2,3.6846e-2,4.6905e-2
cell 8 3,6400,2.8322e-2,3.3591e-2,4.0746e-2
cell 9 3,6400,1.7855e-2,2.0542e-2,2.3722e-2
cell 10 3,6400,1.1519e-2,1.2504e-2,1.3861e-2
cell 11 3,6400,1.1979e-2,1.2408e-2,1.3564e-2
cell 12 3,6400,1.0639e-2,1.1044e-2,1.3208e-2
cell 13 3,6400,1.0377e-2,1.0208e-2,9.8774e-3
cell 14 3,6400,1.1528e-2,1.0934e-2,1.0158e-2
cell 15 3,6400,1.0138e-2,9.6277e-3,8.9988e-3
cell 0 4,6400,1.0317e-2,1.0331e-2,1.0461e-2
cell 1 4,6400,1.2247e-1,1.6600e-1,2.3182e-1
cell 2 4,6400,3.7356e-1,5.1395e-1,7.2615e-1
cell 3 4,6400,3.2117e-1,4.4098e-1,6.2220e-1
cell 4 4,6400,2.7453e-1,3.7526e-1,5.2724e-1
cell 5 4,6400,2.2845e-2,2.3756e-2,2.5907e-2
cell 6 4,6400,2.2988e-2,2.6034e-2,3.0852e-2
cell 7 4,6400,2.7570e-2,3.2096e-2,3.8754e-2
cell 8 4,6400,2.3872e-2,2.7065e-2,3.1871e-2
cell 9 4,6400,1.5688e-2,1.6602e-2,1.8173e-2
cell 10 4,6400,1.1232e-2,1.1436e-2,1.2129e-2
cell 11 4,6400,1.1736e-2,1.1225e-2,1.1549e-2
cell 12 4,6400,9.8160e-3,9.5488e-3,1.1365e-2
cell 13 4,6400,1.1077e-2,1.0088e-2,8.9959e-3
cell 14 4,6400,6.5806e-1,5.5506e-1,4.1183e-1
cell 15 4,6400,1.4580e-1,1.2358e-1,9.2808e-2
cell 0 5,6400,9.3923e-3,9.3324e-3,9.3773e-3
cell 1 5,6400,9.0089e-3,8.8911e-3,8.8875e-3
cell 2 5,6400,8.6058e-3,8.3860e-3,8.2638e-3
cell 3 5,6400,9.2110e-3,9.0634e-3,9.0617e-3
cell 4 5,6400,1.3738e-2,1.7126e-2,1.5944e-2
cell 5 5,6400,2.4916e-2,2.0715e-2,1.7652e-2
cell 6 5,6400,1.3009e-2,1.2325e-2,1.2528e-2
cell 7 5,6400,1.8182e-2,1.8872e-2,2.0279e-2
cell 8 5,6400,1.8919e-2,1.9829e-2,2.1453e-2
cell 9 5,6400,1.6648e-2,1.6711e-2,1.7158e-2
cell 10 5,6400,1.3415e-2,1.1935e-2,1.2358e-2
cell 11 5,6400,1.2728e-2,1.1903e-2,1.1191e-2
cell 12 5,6400,1.3605e-2,1.2291e-2,1.1551e-2
cell 13 5,6400,1.2867e-2,1.1996e-2,1.1368e-2
cell 14 5,6400,1.2611e-2,1.1786e-2,1.1008e-2
cell 15 5,6400,1.1893e-2,1.1461e-2,1.1013e-2
cell 0 6,6400,8.5509e-3,8.4571e-3,8.4308e-3
cell 1 6,6400,8.7242e-3,8.5842e-3,8.5432e-3
cell 2 6,6400,8.5047e-3,8.3753e-3,8.4367e-3
cell 3 6,6400,7.7012e-3,7.4522e-3,7.4691e-3
cell 4 6,6400,6.9110e-3,6.1446e-3,5.7732e-3
cell 5 6,6400,6.4179e-3,5.1189e-3,4.3076e-3
cell 6 6,6400,9.0522e-3,6.9075e-3,5.5766e-3
cell 7 6,6400,1.9046e-2,1.4123e-2,1.1086e-2
cell 8 6,6400,1.6543e-2,1.2798e-2,1.0610e-2
cell 9 6,6400,9.4764e-3,8.2184e-3,7.5513e-3
cell 10 6,6400,6.2392e-3,6.3042e-3,6.8831e-3
cell 11 6,6400,7.6947e-3,7.5934e-3,7.7598e-3
cell 12 6,6400,1.3000e-2,9.7001e-3,7.2177e-3
cell 13 6,6400,1.9425e-2,1.3200e-2,8.3108e-3
cell 14 6,6400,2.7159e-2,1.8406e-2,1.1295e-2
cell 15 6,6400,1.8439e-2,1.3584e-2,9.7278e-3
cell 0 7,6400,7.3714e-3,7.1295e-3,6.9754e-3
cell 1 7,6400,6.5183e-3,5.9308e-3,5.5365e-3
cell 2 7,6400,5.6515e-3,4.6803e-3,4.0499e-3
cell 3 7,6400,6.3436e-3,4.8286e-3,3.8580e-3
cell 4 7,6400,9.3727e-3,7.0899e-3,5.8017e-3
cell 5 7,6400,2.1001e-2,1.4628e-2,1.0696e-2
cell 6 7,6400,2.7390e-2,1.8432e-2,1.2739e-2
cell 7 7,6400,9.8235e-3,7.2497e-3,5.8359e-3
cell 8 7,6400,6.4479e-3,4.9502e-3,4.2014e-3
cell 9 7,6400,5.4176e-3,4.1496e-3,3.4669e-3
cell 10 7,6400,4.0953e-3,3.2581e-3,2.7904e-3
cell 11 7,6400,4.2000e-3,3.3122e-3,2.7729e-3
cell 12 7,6400,4.4085e-3,3.6216e-3,3.1488e-3
cell 13 7,6400,4.6746e-3,4.0354e-3,3.6921e-3
cell 14 7,6400,4.4228e-3,3.9762e-3,3.7985e-3
cell 15 7,6400,5.2627e-3,4.6702e-3,4.3045e-3
cell 0 8,6400,5.1176e-3,3.9184e-3,3.0547e-3
cell 1 8,6400,5.9314e-3,4.5204e-3,3.5452e-3
cell 2 8,6400,7.6710e-3,6.1979e-3,5.3341e-3
cell 3 8,6400,1.0390e-2,9.5120e-3,9.6501e-3
cell 4 8,6400,1.2232e-2,1.2027e-2,1.3181e-2
cell 5 8,6400,1.4023e-2,1.0948e-2,9.3392e-3
cell 6 8,6400,1.9261e-2,1.3160e-2,9.2120e-3
cell 7 8,6400,1.4096e-2,9.7900e-3,7.0590e-3
cell 8 8,6400,4.3560e-3,3.4884e-3,3.0386e-3
cell 9 8,6400,3.6195e-3,2.8113e-3,2.3720e-3
cell 10 8,6400,2.9841e-3,2.3051e-3,1.9289e-3
cell 11 8,6400,2.6804e-3,2.0793e-3,1.7384e-3
cell 12 8,6400,2.7031e-3,2.0996e-3,1.7336e-3
cell 13 8,6400,2.8856e-3,2.2274e-3,1.8095e-3
cell 14 8,6400,3.0260e-3,2.3385e-3,1.8939e-3
cell 15 8,6400,3.7881e-3,2.9693e-3,2.4492e-3
cell 0 9,6400,5.5094e-3,4.2635e-3,3.3930e-3
cell 1 9,6400,6.7207e-3,5.5234e-3,4.8312e-3
cell 2 9,6400,1.1039e-2,1.0750e-2,1.1615e-2
cell 3 9,6400,1.4826e-2,1.5626e-2,1.8207e-2
cell 4 9,6400,1.3388e-2,1.3693e-2,1.5445e-2
cell 5 9,6400,8.8004e-3,7.7780e-3,7.4676e-3
cell 6 9,6400,7.2239e-3,5.7934e-3,4.9193e-3
cell 7 9,6400,6.3703e-3,4.9098e-3,3.9642e-3
cell 8 9,6400,5.7619e-3,4.3227e-3,3.3649e-3
cell 9 9,6400,5.3181e-3,3.9161e-3,2.9671e-3
cell 10 9,6400,4.6347e-3,3.4027e-3,2.5614e-3
cell 11 9,6400,3.8970e-3,2.8911e-3,2.2051e-3
cell 12 9,6400,3.3426e-3,2.5097e-3,1.9390e-3
cell 13 9,6400,3.1010e-3,2.3289e-3,1.8056e-3
cell 14 9,6400,2.9951e-3,2.2960e-3,1.8400e-3
cell 15 9,6400,3.2576e-3,2.5082e-3,2.0091e-3
